,AIRLINE NAME ,SOURCE,DESTINATIION,DEPARTURE TIME,ARRIVAL TIME,DATE,MONTH,YEAR,DURATION,TOTAL STOPS,PRICE
0,SpiceJet,New Delhi,Mumbai,19:00,"10:35
+ 1 day",29,11,2021,15h 35m,1 Stop,"5,635"
1,Air Asia,New Delhi,Mumbai,20:00,"02:25
+ 1 day",29,11,2021,6h 25m,1 Stop,"5,953"
2,Air Asia,New Delhi,Mumbai,20:45,"07:15
+ 1 day",29,11,2021,10h 30m,1 Stop,"5,953"
3,Air Asia,New Delhi,Mumbai,12:40,"02:25
+ 1 day",29,11,2021,13h 45m,1 Stop,"5,953"
4,Air Asia,New Delhi,Mumbai,12:10,"02:25
+ 1 day",29,11,2021,14h 15m,1 Stop,"5,953"
5,Air Asia,New Delhi,Mumbai,22:10,"12:25
+ 1 day",29,11,2021,14h 15m,1 Stop,"5,953"
6,Go First,New Delhi,Mumbai,21:10,23:15,29,11,2021,2h 05m,Non Stop,"5,954"
7,Go First,New Delhi,Mumbai,07:00,09:10,29,11,2021,2h 10m,Non Stop,"5,954"
8,Go First,New Delhi,Mumbai,08:00,10:10,29,11,2021,2h 10m,Non Stop,"5,954"
9,Go First,New Delhi,Mumbai,18:05,20:15,29,11,2021,2h 10m,Non Stop,"5,954"
10,Go First,New Delhi,Mumbai,22:30,"00:40
+ 1 day",29,11,2021,2h 10m,Non Stop,"5,954"
11,Go First,New Delhi,Mumbai,19:00,21:15,29,11,2021,2h 15m,Non Stop,"5,954"
12,Go First,New Delhi,Mumbai,10:30,12:50,29,11,2021,2h 20m,Non Stop,"5,954"
13,Air India,New Delhi,Mumbai,18:00,20:00,29,11,2021,2h 00m,Non Stop,"5,955"
14,IndiGo,New Delhi,Mumbai,06:30,08:40,29,11,2021,2h 10m,Non Stop,"5,955"
15,IndiGo,New Delhi,Mumbai,07:15,09:25,29,11,2021,2h 10m,Non Stop,"5,955"
16,Air India,New Delhi,Mumbai,08:00,10:10,29,11,2021,2h 10m,Non Stop,"5,955"
17,IndiGo,New Delhi,Mumbai,08:10,10:20,29,11,2021,2h 10m,Non Stop,"5,955"
18,Air India,New Delhi,Mumbai,10:40,12:50,29,11,2021,2h 10m,Non Stop,"5,955"
19,SpiceJet,New Delhi,Mumbai,18:55,21:05,29,11,2021,2h 10m,Non Stop,"5,955"
20,Vistara,New Delhi,Mumbai,19:50,22:00,29,11,2021,2h 10m,Non Stop,"5,955"
21,Vistara,New Delhi,Mumbai,20:40,22:50,29,11,2021,2h 10m,Non Stop,"5,955"
22,Vistara,New Delhi,Mumbai,21:40,23:50,29,11,2021,2h 10m,Non Stop,"5,955"
23,IndiGo,New Delhi,Mumbai,23:15,"01:25
+ 1 day",29,11,2021,2h 10m,Non Stop,"5,955"
24,Air India,New Delhi,Mumbai,09:00,11:15,29,11,2021,2h 15m,Non Stop,"5,955"
25,IndiGo,New Delhi,Mumbai,23:15,"01:25
+ 1 day",28,11,2021,2h 10m,Non Stop,"8,685"
26,Go First,New Delhi,Mumbai,22:30,"00:40
+ 1 day",28,11,2021,2h 10m,Non Stop,"9,102"
27,Vistara,New Delhi,Mumbai,21:40,23:50,28,11,2021,2h 10m,Non Stop,"10,470"
28,Air India,New Delhi,Mumbai,20:00,"09:45
+ 1 day",28,11,2021,13h 45m,1 Stop,"12,088"
29,Air Asia,New Delhi,Mumbai,22:10,"12:25
+ 1 day",28,11,2021,14h 15m,1 Stop,"13,055"
30,Vistara,New Delhi,Mumbai,19:55,"14:30
+ 1 day",28,11,2021,18h 35m,1 Stop,"13,095"
31,Vistara,New Delhi,Mumbai,19:55,"22:35
+ 1 day",28,11,2021,26h 40m,1 Stop,"13,095"
32,Vistara,New Delhi,Mumbai,19:55,"11:40
+ 1 day",28,11,2021,15h 45m,1 Stop,"13,200"
33,Vistara,New Delhi,Mumbai,19:55,"09:00
+ 1 day",28,11,2021,13h 05m,1 Stop,"13,830"
34,IndiGo,New Delhi,Mumbai,20:20,"05:55
+ 1 day",28,11,2021,9h 35m,1 Stop,"14,093"
35,Go First,New Delhi,Mumbai,19:55,"02:00
+ 1 day",28,11,2021,6h 05m,1 Stop,"14,539"
36,Vistara,New Delhi,Mumbai,20:40,"20:15
+ 1 day",28,11,2021,23h 35m,1 Stop,"14,775"
37,Vistara,New Delhi,Mumbai,20:40,"20:45
+ 1 day",28,11,2021,24h 05m,1 Stop,"14,775"
38,Vistara,New Delhi,Mumbai,20:40,"21:50
+ 1 day",28,11,2021,25h 10m,1 Stop,"14,775"
39,Vistara,New Delhi,Mumbai,20:40,"23:25
+ 1 day",28,11,2021,26h 45m,1 Stop,"14,775"
40,Vistara,New Delhi,Mumbai,20:40,"08:15
+ 1 day",28,11,2021,11h 35m,1 Stop,"14,880"
41,Vistara,New Delhi,Mumbai,20:40,"11:25
+ 1 day",28,11,2021,14h 45m,1 Stop,"15,668"
42,Vistara,New Delhi,Mumbai,19:50,22:00,28,11,2021,2h 10m,Non Stop,"15,720"
43,Air Asia,New Delhi,Mumbai,18:25,20:40,28,11,2021,2h 15m,Non Stop,"15,720"
44,IndiGo,New Delhi,Mumbai,20:00,22:15,28,11,2021,2h 15m,Non Stop,"15,720"
45,IndiGo,New Delhi,Mumbai,21:15,23:30,28,11,2021,2h 15m,Non Stop,"15,720"
46,Air India,New Delhi,Mumbai,22:00,"22:25
+ 1 day",28,11,2021,24h 25m,1 Stop,"16,088"
47,Air Asia,New Delhi,Mumbai,20:45,"07:15
+ 1 day",28,11,2021,10h 30m,1 Stop,"16,532"
48,Air India,New Delhi,Mumbai,18:20,"13:35
+ 1 day",28,11,2021,19h 15m,1 Stop,"16,603"
49,Vistara,New Delhi,Mumbai,18:40,"01:35
+ 1 day",28,11,2021,6h 55m,1 Stop,"16,665"
50,SpiceJet,New Delhi,Mumbai,05:55,18:25,30,11,2021,12h 30m,1 Stop,"5,635"
51,SpiceJet,New Delhi,Mumbai,18:10,"07:25
+ 1 day",30,11,2021,13h 15m,1 Stop,"5,635"
52,Air Asia,New Delhi,Mumbai,08:20,14:10,30,11,2021,5h 50m,1 Stop,"5,953"
53,Air Asia,New Delhi,Mumbai,20:00,"02:25
+ 1 day",30,11,2021,6h 25m,1 Stop,"5,953"
54,Air Asia,New Delhi,Mumbai,20:45,"07:15
+ 1 day",30,11,2021,10h 30m,1 Stop,"5,953"
55,Air Asia,New Delhi,Mumbai,09:35,20:35,30,11,2021,11h 00m,1 Stop,"5,953"
56,Air Asia,New Delhi,Mumbai,20:00,"07:40
+ 1 day",30,11,2021,11h 40m,1 Stop,"5,953"
57,Air Asia,New Delhi,Mumbai,08:00,20:35,30,11,2021,12h 35m,1 Stop,"5,953"
58,Air Asia,New Delhi,Mumbai,18:35,"07:15
+ 1 day",30,11,2021,12h 40m,1 Stop,"5,953"
59,Air Asia,New Delhi,Mumbai,12:40,"02:25
+ 1 day",30,11,2021,13h 45m,1 Stop,"5,953"
60,Air Asia,New Delhi,Mumbai,12:10,"02:25
+ 1 day",30,11,2021,14h 15m,1 Stop,"5,953"
61,Air Asia,New Delhi,Mumbai,22:10,"12:25
+ 1 day",30,11,2021,14h 15m,1 Stop,"5,953"
62,Go First,New Delhi,Mumbai,21:10,23:15,30,11,2021,2h 05m,Non Stop,"5,954"
63,Go First,New Delhi,Mumbai,07:00,09:10,30,11,2021,2h 10m,Non Stop,"5,954"
64,Go First,New Delhi,Mumbai,08:00,10:10,30,11,2021,2h 10m,Non Stop,"5,954"
65,Go First,New Delhi,Mumbai,18:25,20:35,30,11,2021,2h 10m,Non Stop,"5,954"
66,Go First,New Delhi,Mumbai,22:30,"00:40
+ 1 day",30,11,2021,2h 10m,Non Stop,"5,954"
67,Go First,New Delhi,Mumbai,02:00,04:15,30,11,2021,2h 15m,Non Stop,"5,954"
68,Go First,New Delhi,Mumbai,14:20,16:35,30,11,2021,2h 15m,Non Stop,"5,954"
69,Go First,New Delhi,Mumbai,19:40,21:55,30,11,2021,2h 15m,Non Stop,"5,954"
70,Go First,New Delhi,Mumbai,10:30,12:50,30,11,2021,2h 20m,Non Stop,"5,954"
71,Air India,New Delhi,Mumbai,18:00,20:00,30,11,2021,2h 00m,Non Stop,"5,955"
72,Air India,New Delhi,Mumbai,07:00,09:05,30,11,2021,2h 05m,Non Stop,"5,955"
73,IndiGo,New Delhi,Mumbai,06:30,08:40,30,11,2021,2h 10m,Non Stop,"5,955"
74,IndiGo,New Delhi,Mumbai,07:15,09:25,30,11,2021,2h 10m,Non Stop,"5,955"
75,Go First,Pune,Mumbai,19:00,23:55,30,11,2021,4h 55m,1 Stop,"8,321"
76,Go First,Pune,Mumbai,19:10,"00:40
+ 1 day",30,11,2021,5h 30m,1 Stop,"8,321"
77,Go First,Pune,Mumbai,17:40,23:55,30,11,2021,6h 15m,1 Stop,"8,321"
78,Go First,Pune,Mumbai,15:30,21:55,30,11,2021,6h 25m,1 Stop,"8,321"
79,Go First,Pune,Mumbai,15:30,23:15,30,11,2021,7h 45m,1 Stop,"8,321"
80,Go First,Pune,Mumbai,15:30,"00:40
+ 1 day",30,11,2021,9h 10m,1 Stop,"8,321"
81,Go First,Pune,Mumbai,11:15,20:35,30,11,2021,9h 20m,1 Stop,"8,321"
82,Go First,Pune,Mumbai,11:15,21:55,30,11,2021,10h 40m,1 Stop,"8,321"
83,Go First,Pune,Mumbai,11:15,23:15,30,11,2021,12h 00m,1 Stop,"8,321"
84,Go First,Pune,Mumbai,19:00,"07:20
+ 1 day",30,11,2021,12h 20m,1 Stop,"8,321"
85,Go First,Pune,Mumbai,09:10,21:50,30,11,2021,12h 40m,1 Stop,"8,321"
86,Go First,Pune,Mumbai,09:00,21:45,30,11,2021,12h 45m,1 Stop,"8,321"
87,Go First,Pune,Mumbai,11:15,"00:40
+ 1 day",30,11,2021,13h 25m,1 Stop,"8,321"
88,Air India,Pune,Mumbai,12:35,23:25,30,11,2021,10h 50m,1 Stop,"8,626"
89,Go First,Pune,Mumbai,19:10,"04:15
+ 1 day",30,11,2021,9h 05m,1 Stop,"11,705"
90,Go First,Pune,Mumbai,15:30,"04:15
+ 1 day",30,11,2021,12h 45m,1 Stop,"11,705"
91,Vistara,Pune,Mumbai,16:55,22:00,30,11,2021,5h 05m,1 Stop,"11,838"
92,Air India,Pune,Mumbai,12:35,20:00,30,11,2021,7h 25m,2 Stop(s),"11,838"
93,Air India,Pune,Mumbai,12:35,21:15,30,11,2021,8h 40m,2 Stop(s),"11,838"
94,Air India,Pune,Mumbai,12:35,21:35,30,11,2021,9h 00m,3 Stop(s),"11,838"
95,Air India,Pune,Mumbai,12:35,22:10,30,11,2021,9h 35m,2 Stop(s),"11,838"
96,Vistara,Pune,Mumbai,16:55,"07:55
+ 1 day",30,11,2021,15h 00m,1 Stop,"11,838"
97,Vistara,Pune,Mumbai,16:55,"16:30
+ 1 day",30,11,2021,23h 35m,1 Stop,"11,838"
98,Vistara,Pune,Mumbai,16:55,"17:40
+ 1 day",30,11,2021,24h 45m,1 Stop,"11,838"
99,Vistara,Pune,Mumbai,16:55,"20:05
+ 1 day",30,11,2021,27h 10m,1 Stop,"11,838"
100,Go First,Pune,Mumbai,19:00,"07:20
+ 1 day",28,11,2021,12h 20m,1 Stop,"8,321"
101,Go First,Pune,Mumbai,19:00,23:55,28,11,2021,4h 55m,"1 Stop
Stop Layover Time
Bangalore 1h 30m","11,785"
102,Vistara,Pune,Mumbai,19:30,"20:05
+ 1 day",28,11,2021,24h 35m,1 Stop,"13,938"
103,Vistara,Pune,Mumbai,19:30,"21:15
+ 1 day",28,11,2021,25h 45m,1 Stop,"13,938"
104,Vistara,Pune,Mumbai,19:30,"22:00
+ 1 day",28,11,2021,26h 30m,1 Stop,"13,938"
105,Vistara,Pune,Mumbai,19:30,"22:50
+ 1 day",28,11,2021,27h 20m,1 Stop,"13,938"
106,Vistara,Pune,Mumbai,19:30,"23:50
+ 1 day",28,11,2021,28h 20m,1 Stop,"13,938"
107,Vistara,Pune,Mumbai,19:30,"11:10
+ 1 day",28,11,2021,15h 40m,1 Stop,"14,988"
108,Vistara,Pune,Mumbai,19:30,"14:00
+ 1 day",28,11,2021,18h 30m,1 Stop,"14,988"
109,Vistara,Pune,Mumbai,19:30,"17:40
+ 1 day",28,11,2021,22h 10m,1 Stop,"14,988"
110,Vistara,Pune,Mumbai,19:30,"19:05
+ 1 day",28,11,2021,23h 35m,1 Stop,"14,988"
111,Vistara,Pune,Mumbai,19:30,"12:35
+ 1 day",28,11,2021,17h 05m,1 Stop,"15,513"
112,Vistara,Pune,Mumbai,19:30,"15:00
+ 1 day",28,11,2021,19h 30m,1 Stop,"15,513"
113,Vistara,Pune,Mumbai,19:30,"16:30
+ 1 day",28,11,2021,21h 00m,1 Stop,"15,513"
114,Vistara,Pune,Mumbai,19:30,"11:35
+ 1 day",28,11,2021,16h 05m,1 Stop,"16,038"
115,Vistara,Pune,Mumbai,19:30,"09:45
+ 1 day",28,11,2021,14h 15m,1 Stop,"16,773"
116,Vistara,Pune,Mumbai,19:30,"07:55
+ 1 day",28,11,2021,12h 25m,1 Stop,"17,508"
117,Go First,Pune,Mumbai,19:10,"04:15
+ 1 day",28,11,2021,9h 05m,1 Stop,"19,180"
118,Vistara,Pune,Mumbai,19:30,"11:25
+ 1 day",28,11,2021,15h 55m,2 Stop(s),"21,131"
119,Vistara,Pune,Mumbai,19:30,"13:00
+ 1 day",28,11,2021,17h 30m,2 Stop(s),"25,278"
120,Vistara,Pune,Mumbai,19:30,"14:30
+ 1 day",28,11,2021,19h 00m,2 Stop(s),"26,381"
121,Go First,Pune,Mumbai,19:00,23:55,29,11,2021,4h 55m,1 Stop,"8,321"
122,Go First,Pune,Mumbai,19:10,"00:40
+ 1 day",29,11,2021,5h 30m,"1 Stop
Stop Layover Time
New Delhi 1h 00m","8,321"
123,Go First,Pune,Mumbai,17:40,23:55,29,11,2021,6h 15m,1 Stop,"8,321"
124,Go First,Pune,Mumbai,11:15,20:15,29,11,2021,9h 00m,1 Stop,"8,321"
125,Go First,Pune,Mumbai,19:10,"04:15
+ 1 day",29,11,2021,9h 05m,1 Stop,"8,321"
126,Go First,Pune,Mumbai,11:15,21:15,29,11,2021,10h 00m,1 Stop,"8,321"
127,Go First,Pune,Mumbai,11:15,23:15,29,11,2021,12h 00m,1 Stop,"8,321"
128,Go First,Pune,Mumbai,09:10,21:50,29,11,2021,12h 40m,1 Stop,"8,321"
129,Go First,Pune,Mumbai,09:00,21:45,29,11,2021,12h 45m,1 Stop,"8,321"
130,Go First,Pune,Mumbai,11:15,"00:40
+ 1 day",29,11,2021,13h 25m,1 Stop,"8,321"
131,Go First,Pune,Mumbai,19:00,"07:20
+ 1 day",29,11,2021,12h 20m,1 Stop,"10,053"
132,Go First,Pune,Mumbai,15:30,21:15,29,11,2021,5h 45m,1 Stop,"11,705"
133,Go First,Pune,Mumbai,15:30,23:15,29,11,2021,7h 45m,1 Stop,"11,705"
134,Go First,Pune,Mumbai,15:30,"00:40
+ 1 day",29,11,2021,9h 10m,1 Stop,"11,705"
135,Go First,Pune,Mumbai,15:30,"04:15
+ 1 day",29,11,2021,12h 45m,1 Stop,"11,705"
136,Vistara,Pune,Mumbai,16:55,22:00,29,11,2021,5h 05m,1 Stop,"12,258"
137,Vistara,Pune,Mumbai,16:55,22:50,29,11,2021,5h 55m,1 Stop,"12,258"
138,Vistara,Pune,Mumbai,16:55,23:50,29,11,2021,6h 55m,1 Stop,"12,258"
139,Vistara,Pune,Mumbai,16:55,"09:45
+ 1 day",29,11,2021,16h 50m,1 Stop,"12,258"
140,Vistara,Pune,Mumbai,16:55,"12:35
+ 1 day",29,11,2021,19h 40m,1 Stop,"12,258"
141,Vistara,Pune,Mumbai,16:55,"14:00
+ 1 day",29,11,2021,21h 05m,1 Stop,"12,258"
142,Vistara,Pune,Mumbai,16:55,"20:05
+ 1 day",29,11,2021,27h 10m,1 Stop,"12,258"
143,Vistara,Pune,Mumbai,16:55,"21:15
+ 1 day",29,11,2021,28h 20m,1 Stop,"12,258"
144,Vistara,Pune,Mumbai,16:55,"11:35
+ 1 day",29,11,2021,18h 40m,1 Stop,"12,363"
145,Vistara,Pune,Mumbai,16:55,"15:00
+ 1 day",29,11,2021,22h 05m,1 Stop,"12,363"
146,Air Asia,Pune,New Delhi,19:25,"01:00
+ 1 day",29,11,2021,5h 35m,1 Stop,"6,271"
147,Air Asia,Pune,New Delhi,19:25,"02:55
+ 1 day",29,11,2021,7h 30m,1 Stop,"6,271"
148,Air Asia,Pune,New Delhi,19:25,"08:55
+ 1 day",29,11,2021,13h 30m,1 Stop,"6,271"
149,Go First,Pune,New Delhi,15:30,17:40,29,11,2021,2h 10m,Non Stop,"6,272"
150,SpiceJet,Pune,New Delhi,17:05,19:25,29,11,2021,2h 20m,Non Stop,"6,272"
151,Go First,Pune,New Delhi,19:10,21:30,29,11,2021,2h 20m,Non Stop,"6,272"
152,Go First,Pune,New Delhi,17:40,23:50,29,11,2021,6h 10m,1 Stop,"6,272"
153,Go First,Pune,New Delhi,09:10,20:20,29,11,2021,11h 10m,2 Stop(s),"6,272"
154,Go First,Pune,New Delhi,09:10,21:50,29,11,2021,12h 40m,2 Stop(s),"6,272"
155,Go First,Pune,New Delhi,09:10,23:50,29,11,2021,14h 40m,1 Stop,"6,272"
156,Go First,Pune,New Delhi,17:15,"08:30
+ 1 day",29,11,2021,15h 15m,1 Stop,"6,272"
157,Go First,Pune,New Delhi,19:00,"10:30
+ 1 day",29,11,2021,15h 30m,1 Stop,"6,272"
158,IndiGo,Pune,New Delhi,13:45,16:00,29,11,2021,2h 15m,Non Stop,"6,273"
159,IndiGo,Pune,New Delhi,16:15,18:30,29,11,2021,2h 15m,Non Stop,"6,273"
160,Air Asia,Pune,New Delhi,18:40,20:50,29,11,2021,2h 10m,Non Stop,"6,274"
161,Air Asia,Pune,New Delhi,17:50,20:10,29,11,2021,2h 20m,Non Stop,"6,274"
162,Vistara,Pune,New Delhi,16:55,19:05,29,11,2021,2h 10m,Non Stop,"6,693"
163,Go First,Pune,New Delhi,11:15,13:30,29,11,2021,2h 15m,Non Stop,"6,850"
164,Air Asia,Pune,New Delhi,14:55,"01:00
+ 1 day",29,11,2021,10h 05m,1 Stop,"6,901"
165,Vistara,Pune,New Delhi,13:10,15:25,29,11,2021,2h 15m,Non Stop,"7,008"
166,IndiGo,Pune,New Delhi,11:00,13:20,29,11,2021,2h 20m,Non Stop,"7,008"
167,Air Asia,Pune,New Delhi,11:50,22:25,29,11,2021,10h 35m,2 Stop(s),"7,250"
168,Vistara,Pune,New Delhi,19:30,21:40,29,11,2021,2h 10m,Non Stop,"7,848"
169,Air India,Pune,New Delhi,18:50,21:05,29,11,2021,2h 15m,Non Stop,"9,108"
170,SpiceJet,Pune,New Delhi,08:25,10:40,29,11,2021,2h 15m,Non Stop,"9,948"
171,Go First,Pune,New Delhi,19:00,"10:30
+ 1 day",28,11,2021,15h 30m,1 Stop,"6,272"
172,Air Asia,Pune,New Delhi,18:40,20:50,28,11,2021,2h 10m,Non Stop,"6,274"
173,Go First,Pune,New Delhi,19:10,21:30,28,11,2021,2h 20m,Non Stop,"6,850"
174,Air Asia,Pune,New Delhi,19:25,"01:00
+ 1 day",28,11,2021,5h 35m,1 Stop,"6,901"
175,Air Asia,Pune,New Delhi,19:25,"02:55
+ 1 day",28,11,2021,7h 30m,1 Stop,"6,901"
176,Air Asia,Pune,New Delhi,19:25,"08:55
+ 1 day",28,11,2021,13h 30m,1 Stop,"6,901"
177,Vistara,Pune,New Delhi,19:30,21:40,28,11,2021,2h 10m,Non Stop,"8,373"
178,Air Asia,Pune,New Delhi,19:25,"01:00
+ 1 day",30,11,2021,5h 35m,1 Stop,"6,271"
179,Air Asia,Pune,New Delhi,19:25,"02:55
+ 1 day",30,11,2021,7h 30m,"1 Stop
Stop Layover Time
Bangalore 3h 20m","6,271"
180,Air Asia,Pune,New Delhi,19:25,"08:55
+ 1 day",30,11,2021,13h 30m,1 Stop,"6,271"
181,Go First,Pune,New Delhi,15:30,17:40,30,11,2021,2h 10m,Non Stop,"6,272"
182,SpiceJet,Pune,New Delhi,17:05,19:25,30,11,2021,2h 20m,Non Stop,"6,272"
183,Go First,Pune,New Delhi,19:10,21:30,30,11,2021,2h 20m,Non Stop,"6,272"
184,Go First,Pune,New Delhi,17:40,23:50,30,11,2021,6h 10m,1 Stop,"6,272"
185,Go First,Pune,New Delhi,09:10,20:20,30,11,2021,11h 10m,2 Stop(s),"6,272"
186,Go First,Pune,New Delhi,09:10,21:50,30,11,2021,12h 40m,2 Stop(s),"6,272"
187,Go First,Pune,New Delhi,09:10,23:50,30,11,2021,14h 40m,1 Stop,"6,272"
188,Go First,Pune,New Delhi,17:15,"08:30
+ 1 day",30,11,2021,15h 15m,1 Stop,"6,272"
189,Go First,Pune,New Delhi,19:00,"10:30
+ 1 day",30,11,2021,15h 30m,1 Stop,"6,272"
190,IndiGo,Pune,New Delhi,13:45,16:00,30,11,2021,2h 15m,Non Stop,"6,273"
191,IndiGo,Pune,New Delhi,16:15,18:30,30,11,2021,2h 15m,Non Stop,"6,273"
192,Air Asia,Pune,New Delhi,18:40,20:50,30,11,2021,2h 10m,Non Stop,"6,274"
193,Air Asia,Pune,New Delhi,17:50,20:10,30,11,2021,2h 20m,Non Stop,"6,274"
194,Vistara,Pune,New Delhi,16:55,19:05,30,11,2021,2h 10m,Non Stop,"6,693"
195,Go First,Pune,New Delhi,11:15,13:30,30,11,2021,2h 15m,Non Stop,"6,850"
196,Air Asia,Pune,New Delhi,14:55,"01:00
+ 1 day",30,11,2021,10h 05m,1 Stop,"6,901"
197,Vistara,Pune,New Delhi,13:10,15:25,30,11,2021,2h 15m,Non Stop,"7,008"
198,IndiGo,Pune,New Delhi,11:00,13:20,30,11,2021,2h 20m,Non Stop,"7,008"
199,Air Asia,Pune,New Delhi,11:50,22:25,30,11,2021,10h 35m,2 Stop(s),"7,250"
200,Vistara,Pune,New Delhi,19:30,21:40,30,11,2021,2h 10m,Non Stop,"7,848"
201,Air India,Pune,New Delhi,18:50,21:05,30,11,2021,2h 15m,Non Stop,"9,108"
202,SpiceJet,Pune,New Delhi,08:25,10:40,30,11,2021,2h 15m,Non Stop,"9,948"
203,SpiceJet,Bangalore,New Delhi,11:45,19:25,29,11,2021,7h 40m,1 Stop,"7,014"
204,SpiceJet,Bangalore,New Delhi,05:25,"00:25
+ 1 day",29,11,2021,19h 00m,1 Stop,"7,014"
205,IndiGo,Bangalore,New Delhi,18:45,23:45,29,11,2021,5h 00m,1 Stop,"7,422"
206,IndiGo,Bangalore,New Delhi,13:05,18:10,29,11,2021,5h 05m,1 Stop,"7,422"
207,IndiGo,Bangalore,New Delhi,15:20,20:25,29,11,2021,5h 05m,1 Stop,"7,422"
208,IndiGo,Bangalore,New Delhi,18:45,"00:45
+ 1 day",29,11,2021,6h 00m,1 Stop,"7,422"
209,IndiGo,Bangalore,New Delhi,10:15,16:30,29,11,2021,6h 15m,1 Stop,"7,422"
210,IndiGo,Bangalore,New Delhi,09:20,16:30,29,11,2021,7h 10m,1 Stop,"7,422"
211,IndiGo,Bangalore,New Delhi,11:20,18:30,29,11,2021,7h 10m,1 Stop,"7,422"
212,IndiGo,Bangalore,New Delhi,15:20,22:35,29,11,2021,7h 15m,1 Stop,"7,422"
213,IndiGo,Bangalore,New Delhi,16:20,23:45,29,11,2021,7h 25m,1 Stop,"7,422"
214,IndiGo,Bangalore,New Delhi,09:50,17:35,29,11,2021,7h 45m,1 Stop,"7,422"
215,IndiGo,Bangalore,New Delhi,10:15,18:10,29,11,2021,7h 55m,1 Stop,"7,422"
216,IndiGo,Bangalore,New Delhi,16:20,"00:45
+ 1 day",29,11,2021,8h 25m,1 Stop,"7,422"
217,IndiGo,Bangalore,New Delhi,09:20,18:10,29,11,2021,8h 50m,1 Stop,"7,422"
218,IndiGo,Bangalore,New Delhi,07:10,16:30,29,11,2021,9h 20m,1 Stop,"7,422"
219,IndiGo,Bangalore,New Delhi,09:05,18:30,29,11,2021,9h 25m,1 Stop,"7,422"
220,IndiGo,Bangalore,New Delhi,23:30,"08:55
+ 1 day",29,11,2021,9h 25m,1 Stop,"7,422"
221,Air Asia,Bangalore,New Delhi,20:45,"01:45
+ 1 day",29,11,2021,5h 00m,1 Stop,"7,486"
222,Air Asia,Bangalore,New Delhi,07:05,12:25,29,11,2021,5h 20m,1 Stop,"7,486"
223,Air Asia,Bangalore,New Delhi,11:45,17:50,29,11,2021,6h 05m,1 Stop,"7,486"
224,Air Asia,Bangalore,New Delhi,05:40,12:00,29,11,2021,6h 20m,1 Stop,"7,486"
225,Air Asia,Bangalore,New Delhi,09:15,16:15,29,11,2021,7h 00m,1 Stop,"7,486"
226,Air Asia,Bangalore,New Delhi,17:30,"00:35
+ 1 day",29,11,2021,7h 05m,1 Stop,"7,486"
227,Air Asia,Bangalore,New Delhi,12:50,20:10,29,11,2021,7h 20m,1 Stop,"7,486"
228,Air Asia,Bangalore,New Delhi,20:45,"01:45
+ 1 day",28,11,2021,5h 00m,1 Stop,"7,486"
229,Go First,Bangalore,New Delhi,21:00,23:50,28,11,2021,2h 50m,Non Stop,"7,487"
230,SpiceJet,Bangalore,New Delhi,21:55,"00:35
+ 1 day",28,11,2021,2h 40m,Non Stop,"7,488"
231,IndiGo,Bangalore,New Delhi,19:15,22:10,28,11,2021,2h 55m,Non Stop,"7,488"
232,IndiGo,Bangalore,New Delhi,22:10,"01:05
+ 1 day",28,11,2021,2h 55m,Non Stop,"7,488"
233,IndiGo,Bangalore,New Delhi,23:35,"02:30
+ 1 day",28,11,2021,2h 55m,Non Stop,"7,488"
234,IndiGo,Bangalore,New Delhi,20:10,23:10,28,11,2021,3h 00m,Non Stop,"7,488"
235,Vistara,Bangalore,New Delhi,21:10,23:45,28,11,2021,2h 35m,Non Stop,"7,489"
236,Vistara,Bangalore,New Delhi,19:40,22:25,28,11,2021,2h 45m,Non Stop,"7,489"
237,Air Asia,Bangalore,New Delhi,22:10,"01:00
+ 1 day",28,11,2021,2h 50m,Non Stop,"7,489"
238,Air India,Bangalore,New Delhi,21:00,23:55,28,11,2021,2h 55m,Non Stop,"7,489"
239,SpiceJet,Bangalore,New Delhi,19:05,21:50,28,11,2021,2h 45m,Non Stop,"7,593"
240,Vistara,Bangalore,New Delhi,18:50,21:35,28,11,2021,2h 45m,Non Stop,"7,594"
241,Vistara,Bangalore,New Delhi,19:55,"22:50
+ 1 day",28,11,2021,26h 55m,1 Stop,"9,904"
242,Go First,Bangalore,New Delhi,18:50,23:30,28,11,2021,4h 40m,1 Stop,"10,610"
243,Air India,Bangalore,New Delhi,18:50,23:55,28,11,2021,5h 05m,1 Stop,"10,692"
244,Vistara,Bangalore,New Delhi,19:55,"19:55
+ 1 day",28,11,2021,24h 00m,1 Stop,"11,479"
245,Go First,Bangalore,New Delhi,22:00,"08:10
+ 1 day",28,11,2021,10h 10m,1 Stop,"11,761"
246,Vistara,Bangalore,New Delhi,19:55,"15:10
+ 1 day",28,11,2021,19h 15m,1 Stop,"12,004"
247,Air India,Bangalore,New Delhi,22:00,"00:05
+ 2 days",28,11,2021,26h 05m,1 Stop,"12,214"
248,Air India,Bangalore,New Delhi,18:50,"19:10
+ 1 day",28,11,2021,24h 20m,1 Stop,"12,372"
249,Air India,Bangalore,New Delhi,19:35,"08:55
+ 1 day",28,11,2021,13h 20m,1 Stop,"12,529"
250,Air India,Bangalore,New Delhi,19:35,"10:15
+ 1 day",28,11,2021,14h 40m,1 Stop,"12,529"
251,Air India,Bangalore,New Delhi,19:35,"11:10
+ 1 day",28,11,2021,15h 35m,2 Stop(s),"12,529"
252,Air India,Bangalore,New Delhi,19:35,"12:45
+ 1 day",28,11,2021,17h 10m,1 Stop,"12,529"
253,IndiGo,Bangalore,New Delhi,09:50,17:35,30,11,2021,7h 45m,1 Stop,"6,704"
254,IndiGo,Bangalore,New Delhi,06:55,16:10,30,11,2021,9h 15m,1 Stop,"6,704"
255,IndiGo,Bangalore,New Delhi,09:05,18:30,30,11,2021,9h 25m,1 Stop,"6,704"
256,IndiGo,Bangalore,New Delhi,13:05,23:45,30,11,2021,10h 40m,1 Stop,"6,704"
257,SpiceJet,Bangalore,New Delhi,09:45,19:25,30,11,2021,9h 40m,1 Stop,"7,014"
258,SpiceJet,Bangalore,New Delhi,05:40,"00:25
+ 1 day",30,11,2021,18h 45m,1 Stop,"7,014"
259,SpiceJet,Bangalore,New Delhi,05:55,"01:00
+ 1 day",30,11,2021,19h 05m,1 Stop,"7,014"
260,IndiGo,Bangalore,New Delhi,18:45,23:45,30,11,2021,5h 00m,1 Stop,"7,422"
261,IndiGo,Bangalore,New Delhi,18:45,"00:45
+ 1 day",30,11,2021,6h 00m,1 Stop,"7,422"
262,IndiGo,Bangalore,New Delhi,16:20,22:25,30,11,2021,6h 05m,1 Stop,"7,422"
263,IndiGo,Bangalore,New Delhi,13:05,19:55,30,11,2021,6h 50m,1 Stop,"7,422"
264,IndiGo,Bangalore,New Delhi,09:05,16:00,30,11,2021,6h 55m,1 Stop,"7,422"
265,IndiGo,Bangalore,New Delhi,18:40,"01:40
+ 1 day",30,11,2021,7h 00m,1 Stop,"7,422"
266,IndiGo,Bangalore,New Delhi,11:20,18:30,30,11,2021,7h 10m,1 Stop,"7,422"
267,IndiGo,Bangalore,New Delhi,16:20,23:45,30,11,2021,7h 25m,1 Stop,"7,422"
268,IndiGo,Bangalore,New Delhi,16:20,"00:45
+ 1 day",30,11,2021,8h 25m,1 Stop,"7,422"
269,IndiGo,Bangalore,New Delhi,07:10,16:30,30,11,2021,9h 20m,1 Stop,"7,422"
270,IndiGo,Bangalore,New Delhi,13:05,22:25,30,11,2021,9h 20m,1 Stop,"7,422"
271,IndiGo,Bangalore,New Delhi,10:15,19:55,30,11,2021,9h 40m,1 Stop,"7,422"
272,IndiGo,Bangalore,New Delhi,06:10,16:30,30,11,2021,10h 20m,1 Stop,"7,422"
273,IndiGo,Bangalore,New Delhi,09:20,19:55,30,11,2021,10h 35m,1 Stop,"7,422"
274,Air Asia,Bangalore,New Delhi,07:05,12:25,30,11,2021,5h 20m,1 Stop,"7,486"
275,Air Asia,Bangalore,New Delhi,05:25,10:55,30,11,2021,5h 30m,1 Stop,"7,486"
276,Air Asia,Bangalore,New Delhi,11:45,17:50,30,11,2021,6h 05m,1 Stop,"7,486"
277,Air Asia,Bangalore,New Delhi,05:40,12:00,30,11,2021,6h 20m,1 Stop,"7,486"
278,SpiceJet,Bangalore,Chennai,05:40,07:00,30,11,2021,1h 20m,Non Stop,"3,497"
279,IndiGo,Bangalore,Chennai,22:55,23:45,30,11,2021,0h 50m,Non Stop,"3,498"
280,IndiGo,Bangalore,Chennai,18:15,19:15,30,11,2021,1h 00m,Non Stop,"3,498"
281,IndiGo,Bangalore,Chennai,10:55,12:00,30,11,2021,1h 05m,Non Stop,"3,498"
282,IndiGo,Bangalore,Chennai,14:50,15:55,30,11,2021,1h 05m,Non Stop,"3,498"
283,IndiGo,Bangalore,Chennai,07:05,08:20,30,11,2021,1h 15m,Non Stop,"3,498"
284,IndiGo,Bangalore,Chennai,09:10,10:25,30,11,2021,1h 15m,Non Stop,"3,498"
285,IndiGo,Bangalore,Chennai,15:45,17:00,30,11,2021,1h 15m,Non Stop,"3,498"
286,Air Asia,Bangalore,Chennai,15:35,16:30,30,11,2021,0h 55m,Non Stop,"3,499"
287,Air Asia,Bangalore,Chennai,07:30,08:30,30,11,2021,1h 00m,Non Stop,"3,499"
288,Air India,Bangalore,Chennai,11:50,12:50,30,11,2021,1h 00m,Non Stop,"3,499"
289,Air Asia,Bangalore,Chennai,16:15,17:25,30,11,2021,1h 10m,Non Stop,"3,499"
290,Air India,Bangalore,Chennai,18:50,"08:00
+ 1 day",30,11,2021,13h 10m,1 Stop,"8,224"
291,Vistara,Bangalore,Chennai,18:25,23:05,30,11,2021,4h 40m,1 Stop,"9,241"
292,Vistara,Bangalore,Chennai,09:30,23:05,30,11,2021,13h 35m,1 Stop,"9,241"
293,Vistara,Bangalore,Chennai,08:30,23:05,30,11,2021,14h 35m,1 Stop,"9,241"
294,Vistara,Bangalore,Chennai,06:40,23:05,30,11,2021,16h 25m,1 Stop,"9,241"
295,Vistara,Bangalore,Chennai,19:55,"19:55
+ 1 day",30,11,2021,24h 00m,1 Stop,"9,241"
296,Vistara,Bangalore,Chennai,19:00,"19:55
+ 1 day",30,11,2021,24h 55m,1 Stop,"9,241"
297,Vistara,Bangalore,Chennai,18:25,"19:55
+ 1 day",30,11,2021,25h 30m,1 Stop,"9,241"
298,Vistara,Bangalore,Chennai,19:55,"23:05
+ 1 day",30,11,2021,27h 10m,1 Stop,"9,241"
299,Vistara,Bangalore,Chennai,06:40,11:50,30,11,2021,5h 10m,1 Stop,"9,420"
300,Vistara,Bangalore,Chennai,09:30,19:55,30,11,2021,10h 25m,1 Stop,"9,420"
301,Vistara,Bangalore,Chennai,08:30,19:55,30,11,2021,11h 25m,1 Stop,"9,420"
302,Vistara,Bangalore,Chennai,06:40,19:55,30,11,2021,13h 15m,1 Stop,"9,420"
303,IndiGo,Bangalore,Chennai,22:55,23:45,28,11,2021,0h 50m,Non Stop,"4,811"
304,Go First,Bangalore,Chennai,22:00,"07:40
+ 1 day",28,11,2021,9h 40m,1 Stop,"11,761"
305,Vistara,Bangalore,Chennai,21:10,"16:20
+ 1 day",28,11,2021,19h 10m,1 Stop,"12,454"
306,Vistara,Bangalore,Chennai,19:40,"16:20
+ 1 day",28,11,2021,20h 40m,1 Stop,"12,454"
307,Vistara,Bangalore,Chennai,21:10,"22:45
+ 1 day",28,11,2021,25h 35m,1 Stop,"12,454"
308,Vistara,Bangalore,Chennai,19:40,"22:45
+ 1 day",28,11,2021,27h 05m,1 Stop,"12,454"
309,Vistara,Bangalore,Chennai,21:10,"20:15
+ 1 day",28,11,2021,23h 05m,1 Stop,"12,633"
310,Vistara,Bangalore,Chennai,19:40,"20:15
+ 1 day",28,11,2021,24h 35m,1 Stop,"12,633"
311,Air India,Bangalore,Chennai,19:35,"10:55
+ 1 day",28,11,2021,15h 20m,1 Stop,"12,949"
312,Go First,Bangalore,Chennai,20:00,"07:40
+ 1 day",28,11,2021,11h 40m,1 Stop,"13,755"
313,Vistara,Bangalore,Chennai,21:40,"19:55
+ 1 day",28,11,2021,22h 15m,1 Stop,"13,947"
314,Vistara,Bangalore,Chennai,19:55,"19:55
+ 1 day",28,11,2021,24h 00m,1 Stop,"13,947"
315,Vistara,Bangalore,Chennai,21:40,"23:05
+ 1 day",28,11,2021,25h 25m,1 Stop,"13,947"
316,Vistara,Bangalore,Chennai,19:55,"23:05
+ 1 day",28,11,2021,27h 10m,1 Stop,"13,947"
317,Vistara,Bangalore,Chennai,21:40,"11:50
+ 1 day",28,11,2021,14h 10m,1 Stop,"14,052"
318,Vistara,Bangalore,Chennai,19:55,"11:50
+ 1 day",28,11,2021,15h 55m,1 Stop,"14,052"
319,Air India,Bangalore,Chennai,21:00,"23:35
+ 1 day",28,11,2021,26h 35m,1 Stop,"14,524"
320,Vistara,Bangalore,Chennai,21:40,"09:05
+ 1 day",28,11,2021,11h 25m,1 Stop,"14,997"
321,Vistara,Bangalore,Chennai,19:55,"09:05
+ 1 day",28,11,2021,13h 10m,1 Stop,"14,997"
322,Air India,Bangalore,Chennai,19:35,"16:15
+ 1 day",28,11,2021,20h 40m,3 Stop(s),"15,364"
323,Air India,Bangalore,Chennai,19:35,"23:35
+ 1 day",28,11,2021,28h 00m,2 Stop(s),"15,787"
324,Air India,Bangalore,Chennai,19:35,"23:35
+ 1 day",28,11,2021,28h 00m,2 Stop(s),"15,787"
325,Air India,Bangalore,Chennai,19:35,"23:35
+ 1 day",28,11,2021,28h 00m,2 Stop(s),"15,787"
326,Air India,Bangalore,Chennai,19:35,"23:35
+ 1 day",28,11,2021,28h 00m,2 Stop(s),"15,787"
327,Air India,Bangalore,Chennai,19:35,"23:35
+ 1 day",28,11,2021,28h 00m,3 Stop(s),"15,787"
328,SpiceJet,Bangalore,Chennai,05:25,06:45,29,11,2021,1h 20m,Non Stop,"3,497"
329,IndiGo,Bangalore,Chennai,14:50,15:55,29,11,2021,1h 05m,Non Stop,"3,498"
330,IndiGo,Bangalore,Chennai,07:05,08:20,29,11,2021,1h 15m,Non Stop,"3,498"
331,IndiGo,Bangalore,Chennai,09:10,10:25,29,11,2021,1h 15m,Non Stop,"3,498"
332,IndiGo,Bangalore,Chennai,15:45,17:00,29,11,2021,1h 15m,Non Stop,"3,498"
333,Air Asia,Bangalore,Chennai,15:35,16:30,29,11,2021,0h 55m,Non Stop,"3,499"
334,Air Asia,Bangalore,Chennai,07:30,08:30,29,11,2021,1h 00m,Non Stop,"3,499"
335,Air Asia,Bangalore,Chennai,16:15,17:25,29,11,2021,1h 10m,Non Stop,"3,499"
336,IndiGo,Bangalore,Chennai,10:55,12:00,29,11,2021,1h 05m,Non Stop,"3,708"
337,IndiGo,Bangalore,Chennai,22:55,23:45,29,11,2021,0h 50m,Non Stop,"4,811"
338,IndiGo,Bangalore,Chennai,18:15,19:15,29,11,2021,1h 00m,Non Stop,"4,811"
339,Air India,Bangalore,Chennai,18:50,"08:00
+ 1 day",29,11,2021,13h 10m,1 Stop,"8,224"
340,Air India,Bangalore,Chennai,07:35,"08:00
+ 1 day",29,11,2021,24h 25m,1 Stop,"8,224"
341,Vistara,Bangalore,Chennai,18:25,23:05,29,11,2021,4h 40m,1 Stop,"9,241"
342,Vistara,Bangalore,Chennai,21:40,"09:05
+ 1 day",29,11,2021,11h 25m,1 Stop,"9,241"
343,Vistara,Bangalore,Chennai,19:55,"09:05
+ 1 day",29,11,2021,13h 10m,1 Stop,"9,241"
344,Vistara,Bangalore,Chennai,19:00,"09:05
+ 1 day",29,11,2021,14h 05m,1 Stop,"9,241"
345,Vistara,Bangalore,Chennai,18:25,"09:05
+ 1 day",29,11,2021,14h 40m,1 Stop,"9,241"
346,Vistara,Bangalore,Chennai,21:40,"23:05
+ 1 day",29,11,2021,25h 25m,1 Stop,"9,241"
347,Vistara,Bangalore,Chennai,19:55,"23:05
+ 1 day",29,11,2021,27h 10m,1 Stop,"9,241"
348,Vistara,Bangalore,Chennai,21:40,"11:50
+ 1 day",29,11,2021,14h 10m,1 Stop,"9,420"
349,Vistara,Bangalore,Chennai,19:55,"11:50
+ 1 day",29,11,2021,15h 55m,1 Stop,"9,420"
350,Vistara,Bangalore,Chennai,19:00,"11:50
+ 1 day",29,11,2021,16h 50m,1 Stop,"9,420"
351,Vistara,Bangalore,Chennai,18:25,"11:50
+ 1 day",29,11,2021,17h 25m,1 Stop,"9,420"
352,Vistara,Bangalore,Chennai,21:40,"19:55
+ 1 day",29,11,2021,22h 15m,1 Stop,"9,420"
353,Air Asia,Bangalore,Goa,14:30,19:35,29,11,2021,5h 05m,1 Stop,"4,336"
354,Air Asia,Bangalore,Goa,07:35,17:25,29,11,2021,9h 50m,1 Stop,"4,336"
355,Air Asia,Bangalore,Goa,05:30,17:25,29,11,2021,11h 55m,1 Stop,"4,336"
356,Air Asia,Bangalore,Goa,07:35,19:35,29,11,2021,12h 00m,1 Stop,"4,336"
357,Air Asia,Bangalore,Goa,05:30,19:35,29,11,2021,14h 05m,1 Stop,"4,336"
358,SpiceJet,Bangalore,Goa,05:55,07:10,29,11,2021,1h 15m,Non Stop,"4,337"
359,Go First,Bangalore,Goa,15:45,17:10,29,11,2021,1h 25m,Non Stop,"4,337"
360,Go First,Bangalore,Goa,08:10,12:45,29,11,2021,4h 35m,1 Stop,"4,337"
361,Go First,Bangalore,Goa,05:45,12:45,29,11,2021,7h 00m,1 Stop,"4,337"
362,Go First,Bangalore,Goa,22:00,"06:10
+ 1 day",29,11,2021,8h 10m,1 Stop,"4,337"
363,Go First,Bangalore,Goa,08:10,17:45,29,11,2021,9h 35m,1 Stop,"4,337"
364,Go First,Bangalore,Goa,20:00,"06:10
+ 1 day",29,11,2021,10h 10m,1 Stop,"4,337"
365,Go First,Bangalore,Goa,05:45,17:45,29,11,2021,12h 00m,1 Stop,"4,337"
366,Go First,Bangalore,Goa,06:30,20:10,29,11,2021,13h 40m,1 Stop,"4,337"
367,Go First,Bangalore,Goa,22:00,"12:45
+ 1 day",29,11,2021,14h 45m,1 Stop,"4,337"
368,Go First,Bangalore,Goa,07:40,23:10,29,11,2021,15h 30m,1 Stop,"4,337"
369,Go First,Bangalore,Goa,21:00,"13:30
+ 1 day",29,11,2021,16h 30m,1 Stop,"4,337"
370,IndiGo,Bangalore,Goa,17:10,18:25,29,11,2021,1h 15m,Non Stop,"4,338"
371,IndiGo,Bangalore,Goa,21:45,23:00,29,11,2021,1h 15m,Non Stop,"4,338"
372,IndiGo,Bangalore,Goa,00:40,02:00,29,11,2021,1h 20m,Non Stop,"4,338"
373,IndiGo,Bangalore,Goa,06:15,07:35,29,11,2021,1h 20m,Non Stop,"4,338"
374,IndiGo,Bangalore,Goa,19:50,21:15,29,11,2021,1h 25m,Non Stop,"4,338"
375,Air Asia,Bangalore,Goa,20:45,22:00,29,11,2021,1h 15m,Non Stop,"4,339"
376,Air India,Bangalore,Goa,19:00,20:30,29,11,2021,1h 30m,Non Stop,"4,339"
377,Air Asia,Bangalore,Goa,05:25,07:00,29,11,2021,1h 35m,Non Stop,"4,339"
378,IndiGo,Bangalore,Goa,21:45,23:00,28,11,2021,1h 15m,Non Stop,"4,338"
379,IndiGo,Bangalore,Goa,19:50,21:15,28,11,2021,1h 25m,Non Stop,"4,338"
380,Air Asia,Bangalore,Goa,20:45,22:00,28,11,2021,1h 15m,Non Stop,"4,339"
381,Air India,Bangalore,Goa,19:35,"20:30
+ 1 day",28,11,2021,24h 55m,1 Stop,"10,009"
382,Go First,Bangalore,Goa,22:00,"06:10
+ 1 day",28,11,2021,8h 10m,1 Stop,"10,081"
383,Go First,Bangalore,Goa,22:00,"12:45
+ 1 day",28,11,2021,14h 45m,1 Stop,"10,081"
384,Air India,Bangalore,Goa,19:35,"07:55
+ 1 day",28,11,2021,12h 20m,1 Stop,"10,849"
385,Air India,Bangalore,Goa,19:35,"22:35
+ 1 day",28,11,2021,27h 00m,1 Stop,"10,849"
386,Go First,Bangalore,Goa,20:00,"06:10
+ 1 day",28,11,2021,10h 10m,1 Stop,"12,075"
387,Vistara,Bangalore,Goa,19:55,23:45,28,11,2021,3h 50m,1 Stop,"12,267"
388,Vistara,Bangalore,Goa,21:10,"21:20
+ 1 day",28,11,2021,24h 10m,1 Stop,"12,454"
389,Vistara,Bangalore,Goa,19:40,"21:20
+ 1 day",28,11,2021,25h 40m,1 Stop,"12,454"
390,Vistara,Bangalore,Goa,21:40,"07:50
+ 1 day",28,11,2021,10h 10m,1 Stop,"12,477"
391,Vistara,Bangalore,Goa,19:55,"07:50
+ 1 day",28,11,2021,11h 55m,1 Stop,"12,477"
392,Air India,Bangalore,Goa,21:00,"20:30
+ 1 day",28,11,2021,23h 30m,2 Stop(s),"13,162"
393,Air India,Bangalore,Goa,21:00,"20:30
+ 1 day",28,11,2021,23h 30m,2 Stop(s),"13,162"
394,Air India,Bangalore,Goa,21:00,"20:30
+ 1 day",28,11,2021,23h 30m,2 Stop(s),"13,162"
395,Air India,Bangalore,Goa,21:00,"22:35
+ 1 day",28,11,2021,25h 35m,2 Stop(s),"13,162"
396,Air India,Bangalore,Goa,21:00,"22:35
+ 1 day",28,11,2021,25h 35m,2 Stop(s),"13,162"
397,Air India,Bangalore,Goa,21:00,"22:35
+ 1 day",28,11,2021,25h 35m,2 Stop(s),"13,162"
398,Vistara,Bangalore,Goa,21:10,"13:50
+ 1 day",28,11,2021,16h 40m,1 Stop,"13,168"
399,Vistara,Bangalore,Goa,19:40,"13:50
+ 1 day",28,11,2021,18h 10m,1 Stop,"13,168"
400,Vistara,Bangalore,Goa,21:40,"12:45
+ 1 day",28,11,2021,15h 05m,1 Stop,"13,474"
401,Vistara,Bangalore,Goa,19:55,"12:45
+ 1 day",28,11,2021,16h 50m,1 Stop,"13,474"
402,Air India,Bangalore,Goa,21:00,"00:35
+ 2 days",28,11,2021,27h 35m,1 Stop,"14,524"
403,Air Asia,Bangalore,Goa,14:30,19:35,30,11,2021,5h 05m,1 Stop,"4,336"
404,Air Asia,Bangalore,Goa,07:35,17:25,30,11,2021,9h 50m,1 Stop,"4,336"
405,Air Asia,Bangalore,Goa,05:30,17:25,30,11,2021,11h 55m,1 Stop,"4,336"
406,Air Asia,Bangalore,Goa,07:35,19:35,30,11,2021,12h 00m,1 Stop,"4,336"
407,Air Asia,Bangalore,Goa,05:30,19:35,30,11,2021,14h 05m,1 Stop,"4,336"
408,SpiceJet,Bangalore,Goa,05:55,07:10,30,11,2021,1h 15m,Non Stop,"4,337"
409,Go First,Bangalore,Goa,15:45,17:10,30,11,2021,1h 25m,Non Stop,"4,337"
410,Go First,Bangalore,Goa,08:10,12:45,30,11,2021,4h 35m,1 Stop,"4,337"
411,Go First,Bangalore,Goa,05:45,12:45,30,11,2021,7h 00m,1 Stop,"4,337"
412,Go First,Bangalore,Goa,22:00,"06:10
+ 1 day",30,11,2021,8h 10m,1 Stop,"4,337"
413,Go First,Bangalore,Goa,08:10,17:45,30,11,2021,9h 35m,1 Stop,"4,337"
414,Go First,Bangalore,Goa,20:00,"06:10
+ 1 day",30,11,2021,10h 10m,1 Stop,"4,337"
415,Go First,Bangalore,Goa,05:45,17:45,30,11,2021,12h 00m,1 Stop,"4,337"
416,Go First,Bangalore,Goa,06:30,20:10,30,11,2021,13h 40m,1 Stop,"4,337"
417,Go First,Bangalore,Goa,22:00,"12:45
+ 1 day",30,11,2021,14h 45m,1 Stop,"4,337"
418,Go First,Bangalore,Goa,07:40,23:10,30,11,2021,15h 30m,1 Stop,"4,337"
419,Go First,Bangalore,Goa,21:00,"13:30
+ 1 day",30,11,2021,16h 30m,1 Stop,"4,337"
420,IndiGo,Bangalore,Goa,17:10,18:25,30,11,2021,1h 15m,Non Stop,"4,338"
421,IndiGo,Bangalore,Goa,21:45,23:00,30,11,2021,1h 15m,Non Stop,"4,338"
422,IndiGo,Bangalore,Goa,00:40,02:00,30,11,2021,1h 20m,Non Stop,"4,338"
423,IndiGo,Bangalore,Goa,06:15,07:35,30,11,2021,1h 20m,Non Stop,"4,338"
424,IndiGo,Bangalore,Goa,19:50,21:15,30,11,2021,1h 25m,Non Stop,"4,338"
425,Air Asia,Bangalore,Goa,20:45,22:00,30,11,2021,1h 15m,Non Stop,"4,339"
426,Air India,Bangalore,Goa,19:00,20:30,30,11,2021,1h 30m,Non Stop,"4,339"
427,Air Asia,Bangalore,Goa,05:25,07:00,30,11,2021,1h 35m,Non Stop,"4,339"
428,Air Asia,Bangalore,Goa,14:30,19:35,30,11,2021,5h 05m,1 Stop,"4,336"
429,Air Asia,Bangalore,Goa,07:35,17:25,30,11,2021,9h 50m,1 Stop,"4,336"
430,Air Asia,Bangalore,Goa,05:30,17:25,30,11,2021,11h 55m,1 Stop,"4,336"
431,Air Asia,Bangalore,Goa,07:35,19:35,30,11,2021,12h 00m,1 Stop,"4,336"
432,Air Asia,Bangalore,Goa,05:30,19:35,30,11,2021,14h 05m,1 Stop,"4,336"
433,SpiceJet,Bangalore,Goa,05:55,07:10,30,11,2021,1h 15m,Non Stop,"4,337"
434,Go First,Bangalore,Goa,15:45,17:10,30,11,2021,1h 25m,Non Stop,"4,337"
435,Go First,Bangalore,Goa,22:00,"06:10
+ 1 day",30,11,2021,8h 10m,1 Stop,"4,337"
436,Go First,Bangalore,Goa,20:00,"06:10
+ 1 day",30,11,2021,10h 10m,1 Stop,"4,337"
437,Go First,Bangalore,Goa,06:30,20:10,30,11,2021,13h 40m,1 Stop,"4,337"
438,Go First,Bangalore,Goa,07:40,23:10,30,11,2021,15h 30m,1 Stop,"4,337"
439,IndiGo,Bangalore,Goa,17:10,18:25,30,11,2021,1h 15m,Non Stop,"4,338"
440,IndiGo,Bangalore,Goa,00:40,02:00,30,11,2021,1h 20m,Non Stop,"4,338"
441,IndiGo,Bangalore,Goa,06:15,07:35,30,11,2021,1h 20m,Non Stop,"4,338"
442,IndiGo,Bangalore,Goa,19:50,21:15,30,11,2021,1h 25m,Non Stop,"4,338"
443,Air Asia,Bangalore,Goa,20:45,22:00,30,11,2021,1h 15m,Non Stop,"4,339"
444,Air India,Bangalore,Goa,19:00,20:30,30,11,2021,1h 30m,Non Stop,"4,339"
445,Air Asia,Bangalore,Goa,05:25,07:00,30,11,2021,1h 35m,Non Stop,"4,339"
446,Air Asia,Bangalore,Goa,16:25,19:35,30,11,2021,3h 10m,1 Stop,"4,339"
447,Vistara,Bangalore,Goa,12:45,14:05,30,11,2021,1h 20m,Non Stop,"4,392"
448,IndiGo,Bangalore,Goa,12:45,14:05,30,11,2021,1h 20m,Non Stop,"7,593"
449,Vistara,Bangalore,Goa,21:40,"23:45
+ 1 day",30,11,2021,26h 05m,1 Stop,"7,948"
450,Air India,Bangalore,Goa,06:40,17:00,30,11,2021,10h 20m,1 Stop,"8,721"
451,Go First,Bangalore,Goa,08:10,12:45,30,11,2021,4h 35m,1 Stop,"8,925"
452,Go First,Bangalore,Goa,05:45,12:45,30,11,2021,7h 00m,1 Stop,"8,925"
453,Air Asia,Hyderabad,Goa,00:45,07:00,30,11,2021,6h 15m,1 Stop,"4,451"
454,Air Asia,Hyderabad,Goa,14:20,22:00,30,11,2021,7h 40m,1 Stop,"4,451"
455,Air Asia,Hyderabad,Goa,22:10,"07:00
+ 1 day",30,11,2021,8h 50m,1 Stop,"4,451"
456,Air Asia,Hyderabad,Goa,19:45,"07:00
+ 1 day",30,11,2021,11h 15m,1 Stop,"4,451"
457,Go First,Hyderabad,Goa,21:00,22:20,30,11,2021,1h 20m,Non Stop,"4,452"
458,SpiceJet,Hyderabad,Goa,04:35,06:00,30,11,2021,1h 25m,Non Stop,"4,452"
459,IndiGo,Hyderabad,Goa,22:25,23:35,30,11,2021,1h 10m,Non Stop,"4,453"
460,IndiGo,Hyderabad,Goa,05:40,07:05,30,11,2021,1h 25m,Non Stop,"4,453"
461,Air Asia,Hyderabad,Goa,18:15,19:35,30,11,2021,1h 20m,Non Stop,"4,557"
462,IndiGo,Hyderabad,Goa,19:35,20:50,30,11,2021,1h 15m,Non Stop,"4,663"
463,Air India,Hyderabad,Goa,13:15,17:00,30,11,2021,3h 45m,1 Stop,"5,241"
464,Air Asia,Hyderabad,Goa,16:10,17:25,30,11,2021,1h 15m,Non Stop,"5,607"
465,IndiGo,Hyderabad,Goa,16:05,17:25,30,11,2021,1h 20m,Non Stop,"6,658"
466,Vistara,Hyderabad,Goa,21:35,"23:45
+ 1 day",30,11,2021,26h 10m,1 Stop,"7,213"
467,Vistara,Hyderabad,Goa,07:40,14:05,30,11,2021,6h 25m,1 Stop,"7,303"
468,IndiGo,Hyderabad,Goa,07:55,14:55,30,11,2021,7h 00m,1 Stop,"7,519"
469,IndiGo,Hyderabad,Goa,12:45,14:00,30,11,2021,1h 15m,Non Stop,"7,810"
470,Air India,Hyderabad,Goa,08:25,22:25,30,11,2021,14h 00m,1 Stop,"8,338"
471,Vistara,Hyderabad,Goa,08:30,12:45,30,11,2021,4h 15m,1 Stop,"8,463"
472,Air India,Hyderabad,Goa,08:25,"06:50
+ 1 day",30,11,2021,22h 25m,1 Stop,"8,653"
473,Air India,Hyderabad,Goa,08:25,20:30,30,11,2021,12h 05m,1 Stop,"8,863"
474,Air India,Hyderabad,Goa,20:45,"20:30
+ 1 day",30,11,2021,23h 45m,1 Stop,"9,126"
475,Air India,Hyderabad,Goa,12:35,"22:35
+ 1 day",30,11,2021,34h 00m,2 Stop(s),"9,812"
476,Vistara,Hyderabad,Goa,07:40,"23:45
+ 1 day",30,11,2021,40h 05m,2 Stop(s),"11,812"
477,Vistara,Hyderabad,Goa,07:40,"23:45
+ 1 day",30,11,2021,40h 05m,2 Stop(s),"11,812"
478,Air Asia,Hyderabad,Goa,22:10,"07:00
+ 1 day",28,11,2021,8h 50m,1 Stop,"4,451"
479,Go First,Hyderabad,Goa,20:30,21:50,28,11,2021,1h 20m,Non Stop,"4,452"
480,IndiGo,Hyderabad,Goa,22:25,23:35,28,11,2021,1h 10m,Non Stop,"4,453"
481,IndiGo,Hyderabad,Goa,19:35,20:50,28,11,2021,1h 15m,Non Stop,"4,453"
482,Air India,Hyderabad,Goa,20:45,"20:30
+ 1 day",28,11,2021,23h 45m,1 Stop,"10,281"
483,Air India,Hyderabad,Goa,21:50,"20:30
+ 1 day",28,11,2021,22h 40m,2 Stop(s),"11,659"
484,Air India,Hyderabad,Goa,21:50,"20:30
+ 1 day",28,11,2021,22h 40m,2 Stop(s),"11,659"
485,Air India,Hyderabad,Goa,21:50,"20:30
+ 1 day",28,11,2021,22h 40m,2 Stop(s),"11,659"
486,Air India,Hyderabad,Goa,21:50,"22:35
+ 1 day",28,11,2021,24h 45m,2 Stop(s),"11,659"
487,Air India,Hyderabad,Goa,21:50,"22:35
+ 1 day",28,11,2021,24h 45m,2 Stop(s),"11,659"
488,Air India,Hyderabad,Goa,21:50,"22:35
+ 1 day",28,11,2021,24h 45m,2 Stop(s),"11,659"
489,Air India,Hyderabad,Goa,21:50,"00:35
+ 2 days",28,11,2021,26h 45m,1 Stop,"13,168"
490,Air Asia,Hyderabad,Goa,19:45,"07:00
+ 1 day",28,11,2021,11h 15m,1 Stop,"13,372"
491,Air India,Hyderabad,Goa,21:50,"13:15
+ 1 day",28,11,2021,15h 25m,1 Stop,"18,313"
492,Vistara,Hyderabad,Goa,20:35,"21:20
+ 1 day",28,11,2021,24h 45m,1 Stop,"18,733"
493,Vistara,Hyderabad,Goa,20:35,"13:50
+ 1 day",28,11,2021,17h 15m,1 Stop,"19,153"
494,Vistara,Hyderabad,Goa,20:35,"14:05
+ 1 day",28,11,2021,17h 30m,2 Stop(s),"23,458"
495,Vistara,Hyderabad,Goa,20:35,"12:45
+ 1 day",28,11,2021,16h 10m,2 Stop(s),"25,926"
496,Vistara,Hyderabad,Goa,20:35,"12:45
+ 1 day",28,11,2021,16h 10m,2 Stop(s),"25,926"
497,Go First,Hyderabad,Goa,22:20,"13:30
+ 1 day",28,11,2021,15h 10m,1 Stop,"26,131"
498,Vistara,Hyderabad,Goa,20:35,"14:05
+ 1 day",28,11,2021,17h 30m,2 Stop(s),"26,608"
499,Air India,Hyderabad,Goa,21:50,"20:30
+ 1 day",28,11,2021,22h 40m,2 Stop(s),"27,658"
500,Air Asia,Hyderabad,Goa,00:45,07:00,29,11,2021,6h 15m,1 Stop,"4,451"
501,Air Asia,Hyderabad,Goa,14:20,22:00,29,11,2021,7h 40m,1 Stop,"4,451"
502,Air Asia,Hyderabad,Goa,22:10,"07:00
+ 1 day",29,11,2021,8h 50m,1 Stop,"4,451"
503,Air Asia,Hyderabad,Goa,19:45,"07:00
+ 1 day",29,11,2021,11h 15m,1 Stop,"4,451"
504,Go First,Hyderabad,Goa,21:00,22:20,29,11,2021,1h 20m,Non Stop,"4,452"
505,SpiceJet,Hyderabad,Goa,04:35,06:00,29,11,2021,1h 25m,Non Stop,"4,452"
506,Go First,Hyderabad,Goa,22:20,"13:30
+ 1 day",29,11,2021,15h 10m,1 Stop,"4,452"
507,IndiGo,Hyderabad,Goa,22:25,23:35,29,11,2021,1h 10m,Non Stop,"4,453"
508,IndiGo,Hyderabad,Goa,05:40,07:05,29,11,2021,1h 25m,Non Stop,"4,453"
509,Air Asia,Hyderabad,Goa,18:15,19:35,29,11,2021,1h 20m,Non Stop,"4,454"
510,IndiGo,Hyderabad,Goa,19:35,20:50,29,11,2021,1h 15m,Non Stop,"4,663"
511,Air Asia,Hyderabad,Goa,16:10,17:25,29,11,2021,1h 15m,Non Stop,"4,977"
512,IndiGo,Hyderabad,Goa,16:05,17:25,29,11,2021,1h 20m,Non Stop,"5,398"
513,Air India,Hyderabad,Goa,16:30,20:30,29,11,2021,4h 00m,1 Stop,"6,186"
514,IndiGo,Hyderabad,Goa,12:45,14:00,29,11,2021,1h 15m,Non Stop,"7,288"
515,IndiGo,Hyderabad,Goa,07:55,14:55,29,11,2021,7h 00m,1 Stop,"7,519"
516,Vistara,Hyderabad,Goa,07:40,14:05,29,11,2021,6h 25m,1 Stop,"7,927"
517,Air India,Hyderabad,Goa,22:15,"06:50
+ 1 day",29,11,2021,8h 35m,1 Stop,"8,338"
518,Air India,Hyderabad,Goa,09:20,20:30,29,11,2021,11h 10m,1 Stop,"8,338"
519,Air India,Hyderabad,Goa,20:45,"20:30
+ 1 day",29,11,2021,23h 45m,1 Stop,"8,338"
520,Air India,Hyderabad,Goa,22:15,"22:25
+ 1 day",29,11,2021,24h 10m,1 Stop,"8,338"
521,Vistara,Hyderabad,Goa,21:35,"07:50
+ 1 day",29,11,2021,10h 15m,1 Stop,"8,463"
522,Vistara,Hyderabad,Goa,21:35,"12:45
+ 1 day",29,11,2021,15h 10m,1 Stop,"8,463"
523,Air India,Hyderabad,Goa,14:00,20:30,29,11,2021,6h 30m,1 Stop,"8,601"
524,Air India,Hyderabad,Goa,22:15,"20:30
+ 1 day",29,11,2021,22h 15m,1 Stop,"8,863"
